timestamp;time;open;high;low;close;vwap;volume;count;
1514360700;27/12/2017 08:45:00;13309,6;13309,6;13265,0;13290,0;13292,4;6,40337127;43;
1514360760;27/12/2017 08:46:00;13298,0;13300,0;13265,3;13300,0;13283,6;2,66497602;18;
1514360820;27/12/2017 08:47:00;13300,0;13300,0;13265,5;13299,8;13282,0;2,63526038;13;
1514360880;27/12/2017 08:48:00;13300,0;13332,2;13300,0;13332,2;13300,8;9,00885477;15;
1514360940;27/12/2017 08:49:00;13306,1;13332,1;13306,1;13332,1;13315,5;0,23664672;7;
1514361000;27/12/2017 08:50:00;13332,1;13388,7;13330,7;13332,1;13371,6;4,08820000;24;
1514361060;27/12/2017 08:51:00;13332,1;13377,1;13332,1;13340,0;13358,5;0,19200000;7;
1514361120;27/12/2017 08:52:00;13340,1;13350,1;13340,0;13340,2;13343,7;2,08365062;19;
1514361180;27/12/2017 08:53:00;13340,2;13340,2;13332,3;13332,3;13334,5;1,64201197;20;
1514361240;27/12/2017 08:54:00;13332,3;13350,0;13332,3;13350,0;13332,7;3,83214405;37;
1514361300;27/12/2017 08:55:00;13350,0;13370,0;13340,1;13351,4;13346,2;3,08576602;24;
1514361360;27/12/2017 08:56:00;13368,2;13389,0;13355,0;13389,0;13381,2;1,17975482;15;
1514361420;27/12/2017 08:57:00;13389,0;13389,0;13380,0;13380,1;13383,8;0,14469447;9;
1514361480;27/12/2017 08:58:00;13389,0;13396,0;13389,0;13396,0;13389,4;4,86873785;32;
1514361540;27/12/2017 08:59:00;13396,0;13396,0;13389,1;13396,0;13393,3;1,87912539;24;
1514361600;27/12/2017 09:00:00;13396,0;13428,6;13395,5;13400,1;13397,7;1,92546292;16;
1514361660;27/12/2017 09:01:00;13400,1;13449,9;13400,1;13449,9;13434,2;6,28182305;30;
1514361720;27/12/2017 09:02:00;13463,0;13499,9;13428,1;13450,0;13494,3;6,01049691;21;
1514361780;27/12/2017 09:03:00;13429,4;13450,0;13429,4;13450,0;13439,0;0,65623438;11;
1514361840;27/12/2017 09:04:00;13450,0;13500,0;13450,0;13455,0;13495,7;10,87662870;38;
1514361900;27/12/2017 09:05:00;13455,0;13461,6;13455,0;13459,0;13458,9;1,72320462;13;
1514361960;27/12/2017 09:06:00;13459,0;13459,0;13450,0;13455,0;13455,0;3,42432432;24;
1514362020;27/12/2017 09:07:00;13453,7;13453,7;13441,4;13441,4;13447,1;1,90938550;24;
1514362080;27/12/2017 09:08:00;13441,4;13449,8;13441,4;13441,4;13442,0;0,30334280;12;
1514362140;27/12/2017 09:09:00;13441,4;13449,8;13434,0;13441,1;13442,5;3,43017442;24;
1514362200;27/12/2017 09:10:00;13441,1;13449,6;13410,0;13427,9;13434,6;2,38786661;28;
1514362260;27/12/2017 09:11:00;13427,9;13441,2;13410,0;13429,2;13419,0;1,06851551;15;
1514362320;27/12/2017 09:12:00;13429,2;13438,5;13410,0;13428,0;13431,1;6,25657807;21;
1514362380;27/12/2017 09:13:00;13426,6;13426,6;13400,0;13400,0;13403,5;0,96572637;15;
1514362440;27/12/2017 09:14:00;13400,0;13400,0;13397,5;13400,0;13399,8;2,98266567;14;
1514362500;27/12/2017 09:15:00;13399,7;13399,8;13314,5;13363,0;13363,7;1,44820000;33;
1514362560;27/12/2017 09:16:00;13363,0;13396,5;13300,0;13300,0;13320,7;2,26900854;31;
1514362620;27/12/2017 09:17:00;13300,0;13396,1;13300,0;13353,3;13353,6;1,31055898;17;
1514362680;27/12/2017 09:18:00;13353,3;13393,9;13320,0;13393,9;13377,6;0,33891660;14;
1514362740;27/12/2017 09:19:00;13393,9;13393,9;13320,0;13370,0;13347,5;2,17364837;24;
1514362800;27/12/2017 09:20:00;13368,5;13369,8;13368,5;13369,8;13369,7;0,32919749;4;
1514362860;27/12/2017 09:21:00;13369,8;13370,0;13335,7;13340,0;13351,3;1,14598500;16;
1514362920;27/12/2017 09:22:00;13350,0;13367,4;13340,0;13351,0;13347,2;3,13283671;13;
1514362980;27/12/2017 09:23:00;13362,0;13367,3;13351,1;13365,9;13363,3;0,42034426;12;
1514363040;27/12/2017 09:24:00;13355,0;13368,9;13352,0;13353,4;13353,1;0,91321531;20;
1514363100;27/12/2017 09:25:00;13353,4;13370,0;13353,1;13354,7;13366,6;8,55758446;37;
1514363160;27/12/2017 09:26:00;13354,7;13370,0;13354,7;13362,3;13364,9;1,08586259;18;
1514363220;27/12/2017 09:27:00;13370,0;13449,6;13361,6;13361,6;13390,0;10,79193224;64;
1514363280;27/12/2017 09:28:00;13360,0;13383,6;13352,0;13371,0;13359,6;8,14174802;27;
1514363340;27/12/2017 09:29:00;13407,3;13407,3;13371,0;13403,4;13375,4;13,01669637;34;
1514363400;27/12/2017 09:30:00;13403,4;13407,1;13371,2;13407,1;13402,5;1,28946975;22;
1514363460;27/12/2017 09:31:00;13407,1;13478,0;13383,3;13478,0;13442,4;39,25798726;74;
1514363520;27/12/2017 09:32:00;13420,5;13500,0;13406,9;13410,8;13470,4;19,17962054;63;
1514363580;27/12/2017 09:33:00;13442,8;13458,9;13350,9;13352,3;13373,3;11,36242042;48;
1514363640;27/12/2017 09:34:00;13420,0;13445,1;13382,3;13394,5;13400,9;2,90197167;20;
1514363700;27/12/2017 09:35:00;13403,4;13420,4;13382,3;13386,4;13388,8;3,88180880;23;
1514363760;27/12/2017 09:36:00;13386,1;13411,9;13386,1;13400,0;13393,0;1,39553497;15;
1514363820;27/12/2017 09:37:00;13387,1;13388,0;13382,3;13383,2;13386,2;0,55096456;25;
1514363880;27/12/2017 09:38:00;13383,2;13386,5;13382,3;13385,4;13386,0;0,61534782;9;
1514363940;27/12/2017 09:39:00;13385,4;13439,0;13360,0;13360,0;13364,9;8,23852070;58;
1514364000;27/12/2017 09:40:00;13382,3;13382,3;13291,8;13340,0;13323,7;6,81676609;48;
1514364060;27/12/2017 09:41:00;13345,0;13357,9;13345,0;13345,0;13348,2;0,35631616;8;
1514364120;27/12/2017 09:42:00;13356,2;13357,9;13345,0;13351,1;13346,3;1,13981238;17;
1514364180;27/12/2017 09:43:00;13357,4;13357,4;13351,1;13351,2;13355,2;0,73489139;21;
1514364240;27/12/2017 09:44:00;13351,5;13358,7;13351,2;13351,2;13351,3;2,67025486;22;
1514364300;27/12/2017 09:45:00;13351,2;13356,4;13351,1;13356,4;13353,4;0,58726916;22;
1514364360;27/12/2017 09:46:00;13358,7;13358,7;13351,2;13351,3;13352,4;0,58242452;13;
1514364420;27/12/2017 09:47:00;13356,0;13356,0;13351,2;13356,0;13352,0;0,99744659;17;
1514364480;27/12/2017 09:48:00;13356,0;13419,9;13351,2;13419,9;13354,9;5,72567526;48;
1514364540;27/12/2017 09:49:00;13419,9;13419,9;13351,5;13391,7;13376,1;0,18013874;12;
1514364600;27/12/2017 09:50:00;13391,7;13429,4;13385,8;13429,4;13423,0;3,39394271;14;
1514364660;27/12/2017 09:51:00;13429,4;13429,4;13387,0;13388,8;13387,9;0,02000000;2;
1514364720;27/12/2017 09:52:00;13388,8;13430,0;13355,5;13358,2;13391,3;5,26542923;28;
1514364780;27/12/2017 09:53:00;13358,2;13380,0;13356,9;13356,9;13357,9;1,22847934;13;
1514364840;27/12/2017 09:54:00;13371,5;13380,0;13352,7;13378,5;13359,1;1,83267828;21;
1514364900;27/12/2017 09:55:00;13378,5;13378,5;13352,7;13377,9;13364,7;0,42708136;12;
1514364960;27/12/2017 09:56:00;13354,8;13356,7;13351,5;13355,2;13354,4;4,51066274;38;
1514365020;27/12/2017 09:57:00;13351,5;13352,7;13302,4;13302,4;13346,8;3,58197329;23;
1514365080;27/12/2017 09:58:00;13338,2;13338,7;13300,0;13321,7;13307,6;0,82671628;19;
1514365140;27/12/2017 09:59:00;13321,7;13321,7;13275,0;13316,2;13281,9;5,84582848;30;
1514365200;27/12/2017 10:00:00;13316,2;13316,2;13275,0;13276,0;13278,0;0,60649489;16;
1514365260;27/12/2017 10:01:00;13276,0;13280,6;13275,0;13279,2;13275,8;1,36326291;50;
1514365320;27/12/2017 10:02:00;13275,0;13276,0;13275,0;13275,0;13275,0;2,39624976;19;
1514365380;27/12/2017 10:03:00;13276,0;13276,0;13275,0;13276,0;13275,8;0,13206425;15;
1514365440;27/12/2017 10:04:00;13276,0;13276,0;13274,7;13274,7;13275,4;3,31028045;21;
1514365500;27/12/2017 10:05:00;13272,0;13272,0;13272,0;13272,0;13272,0;1,39330000;6;
1514365560;27/12/2017 10:06:00;13272,0;13275,0;13272,0;13275,0;13272,0;0,97010047;16;
1514365620;27/12/2017 10:07:00;13275,0;13308,7;13275,0;13276,0;13283,8;4,54107071;47;
1514365680;27/12/2017 10:08:00;13276,0;13308,3;13272,0;13276,0;13276,3;5,76267015;36;
1514365740;27/12/2017 10:09:00;13277,0;13285,9;13277,0;13277,0;13277,2;4,13916844;21;
1514365800;27/12/2017 10:10:00;13279,0;13285,9;13277,0;13278,3;13281,6;4,09846848;26;
1514365860;27/12/2017 10:11:00;13278,3;13304,5;13278,3;13285,9;13294,5;1,26674223;16;
1514365920;27/12/2017 10:12:00;13285,9;13304,5;13285,0;13285,9;13294,7;4,28578138;32;
1514365980;27/12/2017 10:13:00;13305,0;13337,8;13305,0;13306,0;13317,5;3,21607094;50;
1514366040;27/12/2017 10:14:00;13306,0;13307,5;13306,0;13307,5;13306,0;1,37094727;20;
1514366100;27/12/2017 10:15:00;13306,4;13350,0;13306,4;13340,2;13332,5;9,24685420;33;
1514366160;27/12/2017 10:16:00;13340,0;13350,5;13340,0;13340,0;13343,9;1,97059334;21;
1514366220;27/12/2017 10:17:00;13349,0;13350,1;13340,2;13350,0;13348,0;1,55986074;21;
1514366280;27/12/2017 10:18:00;13350,0;13350,0;13306,6;13317,4;13332,0;3,59198394;40;
1514366340;27/12/2017 10:19:00;13317,4;13330,8;13306,0;13330,8;13322,4;0,63152545;14;
1514366400;27/12/2017 10:20:00;13307,4;13330,8;13300,0;13308,5;13302,2;12,60824435;35;
1514366460;27/12/2017 10:21:00;13308,5;13311,6;13300,0;13311,6;13311,2;0,67155896;14;
1514366520;27/12/2017 10:22:00;13311,6;13311,6;13300,0;13301,6;13301,2;0,76644749;25;
1514366580;27/12/2017 10:23:00;13301,6;13307,8;13300,0;13300,0;13301,8;2,04234541;22;
1514366640;27/12/2017 10:24:00;13300,0;13307,2;13289,2;13300,0;13302,1;0,43192083;8;
1514366700;27/12/2017 10:25:00;13286,0;13301,1;13262,8;13270,0;13267,2;18,66052112;48;
1514366760;27/12/2017 10:26:00;13270,0;13294,3;13262,8;13268,1;13269,3;1,23946934;33;
1514366820;27/12/2017 10:27:00;13268,1;13268,1;13262,8;13262,8;13265,8;1,26904860;37;
1514366880;27/12/2017 10:28:00;13262,8;13265,9;13200,0;13200,0;13234,1;6,10095091;57;
1514366940;27/12/2017 10:29:00;13249,3;13260,7;13194,5;13198,7;13210,8;2,83898644;32;
1514367000;27/12/2017 10:30:00;13186,0;13198,7;13110,1;13142,2;13159,7;8,89804941;48;
1514367060;27/12/2017 10:31:00;13110,1;13194,3;13101,4;13111,0;13138,4;8,01706062;47;
1514367120;27/12/2017 10:32:00;13178,6;13178,6;13120,0;13148,6;13162,0;1,55111926;17;
1514367180;27/12/2017 10:33:00;13120,0;13120,0;13110,1;13110,1;13117,3;3,98551580;25;
1514367240;27/12/2017 10:34:00;13110,0;13111,0;13027,0;13027,0;13076,9;9,22487097;86;
1514367300;27/12/2017 10:35:00;13020,1;13109,8;13001,0;13050,0;13070,2;5,57935802;42;
1514367360;27/12/2017 10:36:00;13010,0;13110,0;13000,0;13110,0;13040,0;10,50690357;72;
1514367420;27/12/2017 10:37:00;13110,0;13110,0;13040,0;13040,0;13060,4;1,88117312;13;
1514367480;27/12/2017 10:38:00;13040,0;13098,8;13010,3;13081,6;13030,5;7,17417212;47;
1514367540;27/12/2017 10:39:00;13042,3;13042,3;12946,0;12946,0;13006,0;14,99405206;86;
1514367600;27/12/2017 10:40:00;12999,9;13000,0;12928,1;12928,1;12974,5;7,59669769;57;
1514367660;27/12/2017 10:41:00;12964,1;13000,0;12925,0;13000,0;12984,8;22,77993829;47;
1514367720;27/12/2017 10:42:00;13000,0;13020,0;13000,0;13020,0;13011,3;5,79911510;42;
1514367780;27/12/2017 10:43:00;13000,1;13089,0;13000,1;13036,6;13057,8;5,47117305;33;
1514367840;27/12/2017 10:44:00;13025,0;13089,0;13020,0;13030,0;13025,3;2,54089499;37;
1514367900;27/12/2017 10:45:00;13030,5;13080,0;13021,5;13050,0;13043,6;2,83676881;42;
1514367960;27/12/2017 10:46:00;13050,0;13079,9;13031,9;13059,8;13053,6;3,70422597;44;
1514368020;27/12/2017 10:47:00;13059,8;13060,1;13030,0;13060,1;13052,9;3,01168812;20;
1514368080;27/12/2017 10:48:00;13051,4;13051,4;13051,4;13051,4;13051,4;0,15107000;2;
1514368140;27/12/2017 10:49:00;13051,4;13051,4;13031,0;13051,4;13050,0;5,95300740;34;
1514368200;27/12/2017 10:50:00;13060,4;13074,1;13060,4;13070,0;13064,5;2,32853146;28;
1514368260;27/12/2017 10:51:00;13074,0;13086,8;13060,5;13074,0;13074,9;2,24447892;21;
1514368320;27/12/2017 10:52:00;13070,0;13086,1;13060,4;13079,9;13074,0;1,76561706;31;
1514368380;27/12/2017 10:53:00;13079,9;13079,9;13056,1;13069,0;13069,6;4,89506464;32;
1514368440;27/12/2017 10:54:00;13069,0;13080,0;13061,1;13080,0;13076,8;7,91881008;26;
1514368500;27/12/2017 10:55:00;13080,0;13143,0;13080,0;13084,0;13098,6;2,82970325;21;
1514368560;27/12/2017 10:56:00;13143,0;13169,0;13100,1;13169,0;13142,7;2,56149742;18;
1514368620;27/12/2017 10:57:00;13100,2;13185,0;13100,2;13163,6;13130,9;1,30744359;20;
1514368680;27/12/2017 10:58:00;13100,4;13219,0;13100,4;13149,3;13197,4;36,01248318;74;
1514368740;27/12/2017 10:59:00;13163,0;13180,0;13163,0;13180,0;13179,1;1,33106647;11;
1514368800;27/12/2017 11:00:00;13180,0;13200,0;13163,1;13200,0;13197,3;3,87064352;17;
1514368860;27/12/2017 11:01:00;13200,0;13200,0;13163,1;13163,1;13163,1;2,06265201;8;
1514368920;27/12/2017 11:02:00;13149,1;13180,0;13149,1;13180,0;13154,1;0,60568663;20;
1514368980;27/12/2017 11:03:00;13180,0;13180,0;13164,4;13172,2;13171,6;0,21768884;3;
1514369040;27/12/2017 11:04:00;13172,2;13190,0;13164,4;13180,0;13171,3;0,47368405;18;
1514369100;27/12/2017 11:05:00;13180,0;13199,9;13180,0;13196,1;13194,0;3,74246195;55;
1514369160;27/12/2017 11:06:00;13197,4;13232,0;13197,4;13221,3;13206,1;2,60249266;51;
1514369220;27/12/2017 11:07:00;13221,3;13251,6;13220,0;13226,7;13227,5;1,05895608;26;
1514369280;27/12/2017 11:08:00;13226,7;13251,6;13226,7;13226,7;13232,4;0,21454982;17;
1514369340;27/12/2017 11:09:00;13240,2;13251,6;13232,0;13248,9;13243,9;2,03879186;10;
1514369400;27/12/2017 11:10:00;13248,9;13262,8;13230,0;13262,8;13240,8;2,83162908;23;
1514369460;27/12/2017 11:11:00;13262,8;13262,8;13230,0;13230,0;13244,3;5,32652405;48;
1514369520;27/12/2017 11:12:00;13230,0;13230,0;13226,7;13226,7;13227,3;0,45771436;8;
1514369580;27/12/2017 11:13:00;13226,7;13226,7;13190,0;13199,4;13201,4;5,93274908;61;
1514369640;27/12/2017 11:14:00;13190,0;13199,4;13190,0;13199,4;13199,3;0,62177774;12;
1514369700;27/12/2017 11:15:00;13206,4;13206,4;13164,4;13164,4;13180,9;2,87199682;31;
1514369760;27/12/2017 11:16:00;13164,4;13164,4;13080,0;13141,0;13143,4;9,42134756;73;
1514369820;27/12/2017 11:17:00;13119,5;13150,0;13100,0;13144,9;13130,1;1,89776703;30;
1514369880;27/12/2017 11:18:00;13144,9;13145,0;13119,2;13145,0;13139,3;1,48799582;18;
1514369940;27/12/2017 11:19:00;13144,9;13145,0;13115,3;13145,0;13135,9;3,76370486;107;
1514370000;27/12/2017 11:20:00;13145,0;13149,9;13101,0;13145,0;13135,2;5,18335552;39;
1514370060;27/12/2017 11:21:00;13149,6;13149,8;13120,0;13149,3;13144,7;1,55946656;29;
1514370120;27/12/2017 11:22:00;13143,0;13148,2;13104,2;13148,0;13132,8;3,59660627;20;
1514370180;27/12/2017 11:23:00;13148,0;13148,0;13101,1;13101,2;13140,5;8,38062923;41;
1514370240;27/12/2017 11:24:00;13101,0;13104,5;13040,0;13051,4;13066,6;9,64443744;58;
1514370300;27/12/2017 11:25:00;13051,4;13051,4;13000,0;13043,3;13030,7;2,13667700;35;
1514370360;27/12/2017 11:26:00;13049,9;13049,9;13000,0;13043,3;13022,9;10,71108397;43;
1514370420;27/12/2017 11:27:00;13047,2;13047,2;12989,6;13012,0;13013,9;8,13266964;88;
1514370480;27/12/2017 11:28:00;13012,0;13024,3;12933,0;12933,0;12983,0;12,72355957;60;
1514370540;27/12/2017 11:29:00;13013,0;13013,0;12908,9;12997,4;12942,6;19,48614778;96;
1514370600;27/12/2017 11:30:00;12997,4;12997,4;12908,9;12930,0;12931,0;16,66252333;38;
1514370660;27/12/2017 11:31:00;12930,0;12967,0;12907,5;12907,5;12940,6;7,68290591;35;
1514370720;27/12/2017 11:32:00;12906,1;12967,0;12905,4;12952,5;12942,2;6,97617690;71;
1514370780;27/12/2017 11:33:00;12952,5;12952,5;12952,5;12952,5;12952,5;2,46430000;6;
1514370840;27/12/2017 11:34:00;12975,8;12975,8;12901,1;12901,1;12945,9;7,98095719;46;
1514370900;27/12/2017 11:35:00;12901,1;12950,0;12810,3;12920,0;12868,6;20,53098434;116;
1514370960;27/12/2017 11:36:00;12919,0;12946,5;12919,0;12946,5;12922,3;2,89812476;42;
1514371020;27/12/2017 11:37:00;12920,0;12957,5;12920,0;12920,5;12935,7;4,66564597;25;
1514371080;27/12/2017 11:38:00;12950,0;12988,3;12920,5;12966,9;12938,3;6,90907415;46;
1514371140;27/12/2017 11:39:00;12966,9;13000,0;12965,0;12965,0;12990,5;5,40476074;45;
1514371200;27/12/2017 11:40:00;12965,0;13000,0;12965,0;12998,7;12993,8;6,96286015;38;
1514371260;27/12/2017 11:41:00;12988,5;13000,0;12960,6;12988,5;12974,3;9,82223274;46;
1514371320;27/12/2017 11:42:00;12999,0;13000,0;12999,0;12999,2;12999,7;6,67702216;48;
1514371380;27/12/2017 11:43:00;12999,2;13017,4;12999,0;13017,4;12999,5;4,53979889;30;
1514371440;27/12/2017 11:44:00;13000,0;13134,5;12997,0;12999,4;13053,0;9,27793492;76;
1514371500;27/12/2017 11:45:00;13000,0;13000,0;12996,9;13000,0;12999,3;1,12259797;19;
1514371560;27/12/2017 11:46:00;12988,5;13046,8;12988,5;13009,9;13000,4;4,95520550;31;
1514371620;27/12/2017 11:47:00;13009,9;13052,6;12988,5;13001,0;12994,3;2,21623742;18;
1514371680;27/12/2017 11:48:00;13001,0;13001,0;12988,6;12996,9;12999,9;1,48609000;12;
1514371740;27/12/2017 11:49:00;12998,9;13000,0;12976,0;12990,0;12982,8;1,50845577;19;
1514371800;27/12/2017 11:50:00;12976,0;12990,0;12976,0;12976,0;12977,9;1,46831367;24;
1514371860;27/12/2017 11:51:00;12979,7;12997,3;12976,0;12976,0;12987,2;3,33475520;38;
1514371920;27/12/2017 11:52:00;12976,0;12996,4;12976,0;12996,4;12982,8;0,38852186;14;
1514371980;27/12/2017 11:53:00;12999,9;13050,7;12975,0;12975,0;13006,2;9,65511042;55;
1514372040;27/12/2017 11:54:00;12965,2;12975,0;12950,0;12965,2;12973,2;1,96503426;22;
1514372100;27/12/2017 11:55:00;12956,1;12975,0;12943,1;12975,0;12959,3;0,83409834;21;
1514372160;27/12/2017 11:56:00;12965,2;12990,0;12965,2;12990,0;12980,1;1,44100294;20;
1514372220;27/12/2017 11:57:00;12975,0;12990,0;12975,0;12977,6;12976,4;0,66872224;10;
1514372280;27/12/2017 11:58:00;12977,6;13025,3;12975,2;13025,3;12981,9;2,30718254;22;
1514372340;27/12/2017 11:59:00;13025,3;13025,4;13025,3;13025,4;13025,4;0,04261000;1;
1514372400;27/12/2017 12:00:00;13025,4;13025,4;13025,4;13025,4;13025,4;0,40791893;8;
1514372460;27/12/2017 12:01:00;13050,0;13050,7;13050,0;13050,7;13050,0;1,27003493;14;
1514372520;27/12/2017 12:02:00;13050,7;13143,0;13050,7;13089,0;13077,1;5,15522032;47;
1514372580;27/12/2017 12:03:00;13089,0;13148,0;13060,0;13148,0;13114,5;3,07439689;32;
1514372640;27/12/2017 12:04:00;13112,1;13163,5;13058,0;13085,0;13093,0;6,91751950;47;
1514372700;27/12/2017 12:05:00;13085,0;13085,0;13061,0;13083,7;13081,0;2,00393069;29;
1514372760;27/12/2017 12:06:00;13061,1;13085,0;13061,0;13061,1;13079,0;4,18701030;31;
1514372820;27/12/2017 12:07:00;13060,3;13085,0;13002,0;13051,1;13056,5;5,47832326;54;
1514372880;27/12/2017 12:08:00;13082,3;13085,0;13057,8;13063,1;13076,2;5,80543858;20;
1514372940;27/12/2017 12:09:00;13084,5;13085,0;13063,1;13084,0;13083,9;5,33342274;26;
1514373000;27/12/2017 12:10:00;13064,6;13084,0;13037,2;13080,0;13061,9;7,44497837;20;
1514373060;27/12/2017 12:11:00;13070,0;13084,0;13005,0;13075,0;13055,0;2,81180267;58;
1514373120;27/12/2017 12:12:00;13075,0;13075,0;13017,9;13017,9;13043,7;1,59242993;22;
1514373180;27/12/2017 12:13:00;13010,2;13070,0;13010,0;13039,1;13031,6;1,34479647;20;
1514373240;27/12/2017 12:14:00;13039,1;13069,8;13025,0;13025,0;13039,6;1,03049594;19;
1514373300;27/12/2017 12:15:00;13025,0;13025,0;13025,0;13025,0;13025,0;0,12427102;4;
1514373360;27/12/2017 12:16:00;13025,0;13070,0;13025,0;13070,0;13065,5;0,50813318;11;
1514373420;27/12/2017 12:17:00;13070,0;13070,0;13070,0;13070,0;0,0;0,00000000;0;
1514373480;27/12/2017 12:18:00;13070,0;13070,0;13070,0;13070,0;13070,0;0,21099674;6;
1514373540;27/12/2017 12:19:00;13070,0;13082,0;13070,0;13082,0;13072,7;0,74646656;11;
1514373600;27/12/2017 12:20:00;13082,0;13084,0;13082,0;13084,0;13083,2;0,57056381;16;
1514373660;27/12/2017 12:21:00;13084,0;13100,0;13082,0;13100,0;13084,1;11,62221513;90;
1514373720;27/12/2017 12:22:00;13100,0;13148,8;13084,0;13100,0;13121,6;7,61679356;56;
1514373780;27/12/2017 12:23:00;13100,0;13100,0;13084,0;13096,8;13098,7;1,62808646;21;
1514373840;27/12/2017 12:24:00;13096,8;13096,8;13085,0;13085,0;13094,8;0,54080249;18;
1514373900;27/12/2017 12:25:00;13085,0;13094,2;13084,6;13091,0;13085,1;0,34266304;10;
1514373960;27/12/2017 12:26:00;13091,2;13091,2;13083,0;13083,3;13089,6;3,91277541;29;
1514374020;27/12/2017 12:27:00;13083,3;13083,3;13070,0;13072,5;13080,6;1,96632405;28;
1514374080;27/12/2017 12:28:00;13072,5;13072,5;13001,9;13005,4;13030,4;3,39973721;53;
1514374140;27/12/2017 12:29:00;13005,4;13047,3;13003,2;13029,3;13030,5;0,65448473;21;
1514374200;27/12/2017 12:30:00;13029,3;13047,1;13029,3;13043,0;13033,4;1,05950128;26;
1514374260;27/12/2017 12:31:00;13045,5;13047,3;13029,5;13045,0;13042,4;1,66897094;19;
1514374320;27/12/2017 12:32:00;13043,0;13047,3;13043,0;13047,1;13044,4;0,15866572;7;
1514374380;27/12/2017 12:33:00;13047,1;13047,3;13047,1;13047,3;13047,2;0,22517410;8;
1514374440;27/12/2017 12:34:00;13047,1;13047,3;13047,1;13047,1;13047,1;0,06450882;6;
1514374500;27/12/2017 12:35:00;13047,1;13047,3;13047,1;13047,3;13047,2;0,55191080;12;
1514374560;27/12/2017 12:36:00;13047,3;13063,0;13047,3;13063,0;13049,4;0,90185124;14;
1514374620;27/12/2017 12:37:00;13063,0;13072,2;13063,0;13072,2;13072,2;0,03497961;3;
1514374680;27/12/2017 12:38:00;13072,2;13072,2;13072,2;13072,2;13072,2;0,03629496;4;
1514374740;27/12/2017 12:39:00;13072,2;13072,2;13072,2;13072,2;13072,2;0,00613743;2;
1514374800;27/12/2017 12:40:00;13072,2;13072,2;13050,0;13050,0;13072,1;2,24379873;35;
1514374860;27/12/2017 12:41:00;13050,0;13050,0;13050,0;13050,0;13050,0;0,42339486;12;
1514374920;27/12/2017 12:42:00;13050,0;13050,0;13050,0;13050,0;13050,0;0,14123299;6;
1514374980;27/12/2017 12:43:00;13050,0;13050,0;13050,0;13050,0;13050,0;0,47950525;16;
1514375040;27/12/2017 12:44:00;13050,0;13050,0;13050,0;13050,0;13050,0;5,90746576;21;
1514375100;27/12/2017 12:45:00;13050,0;13072,5;13050,0;13050,0;13051,1;15,04532901;82;
1514375160;27/12/2017 12:46:00;13050,2;13100,0;13050,0;13086,4;13068,3;0,72277194;11;
1514375220;27/12/2017 12:47:00;13086,4;13169,9;13076,5;13125,5;13128,5;2,28301774;29;
1514375280;27/12/2017 12:48:00;13100,1;13178,2;13086,6;13150,0;13134,6;5,98447795;29;
1514375340;27/12/2017 12:49:00;13120,0;13190,0;13120,0;13169,9;13163,1;3,08574250;30;
1514375400;27/12/2017 12:50:00;13150,0;13198,0;13150,0;13150,1;13177,2;3,99228320;40;
1514375460;27/12/2017 12:51:00;13183,0;13198,0;13153,3;13160,0;13177,9;0,83301619;29;
1514375520;27/12/2017 12:52:00;13164,9;13175,0;13160,0;13170,0;13170,4;4,14871359;35;
1514375580;27/12/2017 12:53:00;13170,0;13175,0;13160,0;13170,0;13172,9;3,83350679;35;
1514375640;27/12/2017 12:54:00;13170,1;13175,0;13160,0;13160,0;13168,6;2,69695208;49;
1514375700;27/12/2017 12:55:00;13169,9;13170,0;13155,1;13160,0;13160,6;1,54374906;27;
1514375760;27/12/2017 12:56:00;13160,0;13160,0;13150,1;13153,7;13153,5;5,21040654;42;
1514375820;27/12/2017 12:57:00;13150,0;13155,0;13120,1;13155,0;13147,7;2,83834487;37;
1514375880;27/12/2017 12:58:00;13155,0;13155,0;13120,1;13150,0;13150,3;2,36275045;20;
1514375940;27/12/2017 12:59:00;13150,0;13153,7;13127,8;13150,0;13149,7;1,74405891;23;
1514376000;27/12/2017 13:00:00;13150,0;13154,8;13130,0;13131,3;13134,1;2,72239243;29;
1514376060;27/12/2017 13:01:00;13131,3;13150,0;13100,0;13100,0;13131,8;3,11049252;33;
1514376120;27/12/2017 13:02:00;13144,9;13150,4;13121,1;13150,4;13141,1;1,66874154;42;
1514376180;27/12/2017 13:03:00;13153,4;13154,7;13130,7;13147,8;13144,8;1,22840260;23;
1514376240;27/12/2017 13:04:00;13147,8;13154,9;13147,8;13150,0;13152,5;0,97524264;30;
1514376300;27/12/2017 13:05:00;13154,7;13160,0;13140,5;13140,5;13152,9;3,95634175;36;
1514376360;27/12/2017 13:06:00;13160,0;13160,0;13130,0;13155,0;13135,8;4,21707825;17;
1514376420;27/12/2017 13:07:00;13160,0;13160,0;13160,0;13160,0;13160,0;1,71884376;7;
1514376480;27/12/2017 13:08:00;13160,0;13226,0;13157,0;13226,0;13177,6;14,01552396;62;
1514376540;27/12/2017 13:09:00;13170,0;13263,0;13160,0;13160,0;13224,8;6,13605842;46;
1514376600;27/12/2017 13:10:00;13160,0;13160,0;13160,0;13160,0;13160,0;1,70229761;8;
1514376660;27/12/2017 13:11:00;13160,0;13161,3;13155,0;13161,3;13159,3;18,52086421;90;
1514376720;27/12/2017 13:12:00;13200,0;13286,8;13154,7;13213,2;13220,9;14,93370006;76;
1514376780;27/12/2017 13:13:00;13264,9;13274,0;13213,2;13251,6;13268,9;0,77632717;12;
1514376840;27/12/2017 13:14:00;13264,8;13264,8;13130,5;13200,0;13177,0;15,52000069;54;
1514376900;27/12/2017 13:15:00;13209,8;13259,6;13200,0;13220,8;13208,5;1,42076853;22;
1514376960;27/12/2017 13:16:00;13215,8;13251,6;13200,0;13200,0;13214,0;3,90512101;41;
1514377020;27/12/2017 13:17:00;13213,3;13251,5;13160,5;13201,7;13194,5;6,25453221;39;
1514377080;27/12/2017 13:18:00;13207,3;13251,6;13160,5;13251,6;13220,9;4,29301049;22;
1514377140;27/12/2017 13:19:00;13251,6;13251,6;13211,7;13211,7;13249,8;1,69074901;6;
1514377200;27/12/2017 13:20:00;13211,7;13248,7;13211,7;13248,7;13214,1;0,63450000;5;
1514377260;27/12/2017 13:21:00;13248,7;13248,7;13196,4;13211,7;13208,3;2,35979600;34;
1514377320;27/12/2017 13:22:00;13227,2;13268,7;13213,0;13247,2;13251,4;2,13441551;27;
1514377380;27/12/2017 13:23:00;13213,2;13247,1;13211,7;13219,3;13223,0;0,84925364;19;
1514377440;27/12/2017 13:24:00;13219,3;13246,9;13219,3;13241,6;13226,0;3,15951105;10;
1514377500;27/12/2017 13:25:00;13232,5;13283,0;13232,5;13265,2;13263,9;5,56670291;25;
1514377560;27/12/2017 13:26:00;13247,1;13283,0;13239,9;13283,0;13249,9;2,19211626;19;
1514377620;27/12/2017 13:27:00;13267,5;13299,6;13243,9;13290,0;13280,9;4,69516436;35;
1514377680;27/12/2017 13:28:00;13248,1;13290,0;13248,1;13286,3;13277,3;1,81047022;36;
1514377740;27/12/2017 13:29:00;13286,5;13288,0;13245,0;13284,9;13263,1;1,60108839;21;
1514377800;27/12/2017 13:30:00;13284,8;13290,0;13257,1;13257,1;13285,8;2,12065497;30;
1514377860;27/12/2017 13:31:00;13285,4;13285,4;13265,0;13285,4;13284,8;0,29854212;11;
1514377920;27/12/2017 13:32:00;13285,4;13300,0;13285,4;13300,0;13293,1;5,35103039;34;
1514377980;27/12/2017 13:33:00;13288,0;13288,0;13265,0;13285,4;13274,6;2,09473588;18;
1514378040;27/12/2017 13:34:00;13285,4;13285,4;13281,7;13281,7;13285,3;3,14355556;22;
1514378100;27/12/2017 13:35:00;13285,0;13300,0;13285,0;13300,0;13297,2;1,00290016;27;
1514378160;27/12/2017 13:36:00;13287,6;13300,0;13287,6;13300,0;13299,6;8,11882808;25;
1514378220;27/12/2017 13:37:00;13300,0;13300,0;13258,0;13300,0;13276,3;6,40490204;36;
1514378280;27/12/2017 13:38:00;13299,6;13300,0;13281,0;13281,0;13296,2;2,23260010;21;
1514378340;27/12/2017 13:39:00;13281,0;13300,0;13272,2;13288,6;13297,2;1,21546603;16;
1514378400;27/12/2017 13:40:00;13288,6;13288,6;13287,0;13288,4;13287,7;0,13555905;10;
1514378460;27/12/2017 13:41:00;13299,9;13299,9;13287,0;13289,0;13291,9;3,54467369;38;
1514378520;27/12/2017 13:42:00;13287,0;13287,0;13275,8;13278,4;13279,9;1,28107472;15;
1514378580;27/12/2017 13:43:00;13275,8;13278,4;13257,2;13257,2;13274,3;2,31947329;31;
1514378640;27/12/2017 13:44:00;13257,2;13270,0;13250,0;13250,0;13256,5;1,26798498;18;
1514378700;27/12/2017 13:45:00;13251,5;13251,6;13250,0;13250,0;13250,2;0,41920248;7;
1514378760;27/12/2017 13:46:00;13250,0;13250,0;13215,4;13215,4;13230,5;6,33825760;48;
1514378820;27/12/2017 13:47:00;13215,4;13242,0;13215,0;13215,1;13215,6;5,79955555;19;
1514378880;27/12/2017 13:48:00;13215,1;13216,0;13200,0;13200,0;13209,1;4,85182609;22;
1514378940;27/12/2017 13:49:00;13200,0;13200,0;13150,1;13200,0;13184,0;1,55068503;34;
1514379000;27/12/2017 13:50:00;13199,4;13200,0;13186,8;13199,9;13192,8;0,99131492;17;
1514379060;27/12/2017 13:51:00;13199,9;13200,0;13188,5;13200,0;13198,8;1,13292642;29;
1514379120;27/12/2017 13:52:00;13200,0;13250,0;13200,0;13234,0;13228,2;4,56436412;36;
1514379180;27/12/2017 13:53:00;13234,0;13241,9;13215,3;13215,3;13234,0;0,87335920;18;
1514379240;27/12/2017 13:54:00;13241,8;13242,4;13221,0;13241,9;13239,5;3,58213348;36;
1514379300;27/12/2017 13:55:00;13221,0;13242,4;13221,0;13227,9;13237,4;0,85290700;10;
1514379360;27/12/2017 13:56:00;13223,6;13242,4;13221,2;13242,4;13237,9;3,71790731;38;
1514379420;27/12/2017 13:57:00;13234,0;13242,2;13234,0;13235,0;13235,4;1,48337688;29;
1514379480;27/12/2017 13:58:00;13235,0;13240,0;13235,0;13240,0;13239,7;2,96782413;24;
1514379540;27/12/2017 13:59:00;13236,4;13242,4;13235,3;13236,4;13241,9;7,13571320;56;
1514379600;27/12/2017 14:00:00;13236,4;13236,4;13234,0;13235,4;13236,1;3,72108838;37;
1514379660;27/12/2017 14:01:00;13235,4;13242,4;13235,4;13235,6;13237,5;2,31567484;38;
1514379720;27/12/2017 14:02:00;13236,4;13270,0;13220,0;13242,4;13245,8;7,27124429;58;
1514379780;27/12/2017 14:03:00;13241,1;13268,6;13235,4;13236,4;13251,6;0,64351385;18;
1514379840;27/12/2017 14:04:00;13249,3;13269,8;13236,4;13240,6;13258,0;1,23392014;27;
1514379900;27/12/2017 14:05:00;13249,7;13267,8;13240,6;13267,8;13245,4;1,75780363;23;
1514379960;27/12/2017 14:06:00;13251,1;13262,5;13240,6;13249,7;13248,1;1,57212354;40;
1514380020;27/12/2017 14:07:00;13248,4;13249,7;13240,0;13241,9;13242,1;0,51171824;19;
1514380080;27/12/2017 14:08:00;13240,0;13240,0;13220,0;13238,5;13234,7;2,40280926;29;
1514380140;27/12/2017 14:09:00;13238,5;13238,5;13203,0;13220,0;13210,7;0,05133118;3;
1514380200;27/12/2017 14:10:00;13220,0;13220,0;13203,0;13203,0;13203,0;2,97039595;13;
1514380260;27/12/2017 14:11:00;13203,0;13203,0;13053,0;13100,0;13124,0;9,21173079;72;
1514380320;27/12/2017 14:12:00;13100,0;13155,1;13053,0;13053,0;13100,7;1,72993547;28;
1514380380;27/12/2017 14:13:00;13053,0;13188,8;13053,0;13155,1;13160,5;9,95295875;33;
1514380440;27/12/2017 14:14:00;13133,6;13166,7;13091,5;13102,4;13110,1;2,07680188;24;
1514380500;27/12/2017 14:15:00;13102,4;13154,9;13102,4;13102,4;13136,4;1,65008596;21;
1514380560;27/12/2017 14:16:00;13102,4;13145,8;13091,6;13145,6;13115,8;2,63695738;27;
1514380620;27/12/2017 14:17:00;13120,0;13145,7;13030,0;13088,7;13078,2;7,43004052;59;
1514380680;27/12/2017 14:18:00;13050,0;13088,6;13050,0;13079,9;13066,1;0,17510577;8;
1514380740;27/12/2017 14:19:00;13079,9;13080,0;13050,0;13050,0;13055,9;4,23103284;28;
1514380800;27/12/2017 14:20:00;13050,0;13089,9;13048,7;13078,7;13055,2;2,48154625;41;
1514380860;27/12/2017 14:21:00;13078,6;13099,0;13030,0;13094,0;13071,9;3,33636767;37;
1514380920;27/12/2017 14:22:00;13068,2;13093,9;13051,9;13089,0;13075,4;4,33293608;19;
1514380980;27/12/2017 14:23:00;13089,0;13110,2;13080,0;13089,0;13094,8;1,43092576;21;
1514381040;27/12/2017 14:24:00;13080,1;13119,0;13080,1;13109,0;13113,9;5,36670683;29;
1514381100;27/12/2017 14:25:00;13106,5;13147,9;13106,5;13124,0;13127,7;3,32822848;26;
1514381160;27/12/2017 14:26:00;13147,9;13175,0;13125,0;13130,0;13135,4;0,80580516;17;
1514381220;27/12/2017 14:27:00;13147,0;13150,0;13125,0;13130,9;13135,5;1,70409300;22;
1514381280;27/12/2017 14:28:00;13130,9;13147,9;13117,8;13147,7;13132,0;3,61174186;31;
1514381340;27/12/2017 14:29:00;13130,0;13147,5;13125,1;13147,5;13145,2;2,14646102;14;
1514381400;27/12/2017 14:30:00;13147,5;13147,5;13129,9;13147,5;13139,7;0,09287000;4;
1514381460;27/12/2017 14:31:00;13147,5;13147,5;13147,5;13147,5;13147,5;0,02133500;1;
1514381520;27/12/2017 14:32:00;13147,5;13147,5;13147,5;13147,5;13147,5;0,08960000;3;
1514381580;27/12/2017 14:33:00;13147,5;13147,5;13147,5;13147,5;13147,5;0,20070750;3;
1514381640;27/12/2017 14:34:00;13147,5;13200,0;13147,5;13200,0;13165,8;2,46436349;57;
1514381700;27/12/2017 14:35:00;13200,0;13200,0;13200,0;13200,0;13200,0;0,18922000;7;
1514381760;27/12/2017 14:36:00;13200,0;13200,0;13200,0;13200,0;13200,0;0,22106460;11;
1514381820;27/12/2017 14:37:00;13200,0;13200,0;13200,0;13200,0;13200,0;1,13634875;11;
1514381880;27/12/2017 14:38:00;13200,0;13200,0;13200,0;13200,0;13200,0;1,56761620;16;
1514381940;27/12/2017 14:39:00;13200,0;13225,0;13150,1;13224,9;13192,3;6,04619200;80;
1514382000;27/12/2017 14:40:00;13225,0;13225,0;13109,0;13199,8;13130,7;6,18876676;41;
1514382060;27/12/2017 14:41:00;13199,8;13199,8;13148,1;13199,6;13192,9;1,83549269;20;
1514382120;27/12/2017 14:42:00;13199,0;13199,6;13194,6;13199,5;13199,5;2,08145935;23;
1514382180;27/12/2017 14:43:00;13194,6;13195,9;13187,7;13187,7;13189,8;0,39270498;13;
1514382240;27/12/2017 14:44:00;13187,6;13187,6;13160,2;13187,5;13186,6;0,98370647;9;
1514382300;27/12/2017 14:45:00;13199,0;13199,0;13190,0;13199,0;13198,7;1,11974438;6;
1514382360;27/12/2017 14:46:00;13190,0;13190,0;13190,0;13190,0;13190,0;0,01750000;1;
1514382420;27/12/2017 14:47:00;13199,0;13199,0;13199,0;13199,0;13199,0;0,30178000;3;
1514382480;27/12/2017 14:48:00;13199,0;13199,8;13199,0;13199,0;13199,0;2,90853998;36;
1514382540;27/12/2017 14:49:00;13199,8;13200,0;13199,8;13200,0;13199,8;5,46410386;11;
1514382600;27/12/2017 14:50:00;13200,0;13247,9;13200,0;13247,9;13224,4;3,63577855;39;
1514382660;27/12/2017 14:51:00;13248,0;13249,9;13248,0;13249,5;13248,9;3,09456102;16;
1514382720;27/12/2017 14:52:00;13249,5;13249,9;13249,5;13249,5;13249,5;5,59414923;27;
1514382780;27/12/2017 14:53:00;13249,9;13249,9;13229,4;13240,0;13249,2;14,84885829;42;
1514382840;27/12/2017 14:54:00;13248,0;13248,0;13199,5;13231,3;13212,2;12,76730094;64;
1514382900;27/12/2017 14:55:00;13231,3;13248,0;13231,3;13240,0;13240,9;0,31260641;6;
1514382960;27/12/2017 14:56:00;13240,0;13240,0;13154,0;13154,0;13218,8;15,66795310;59;
1514383020;27/12/2017 14:57:00;13240,0;13240,0;13133,2;13239,0;13162,2;2,79082052;28;
1514383080;27/12/2017 14:58:00;13225,0;13248,0;13134,0;13248,0;13201,6;5,10515537;37;
1514383140;27/12/2017 14:59:00;13248,0;13248,0;13229,4;13234,2;13233,9;0,56396907;13;
1514383200;27/12/2017 15:00:00;13234,2;13248,0;13234,2;13248,0;13239,9;1,98360173;19;
1514383260;27/12/2017 15:01:00;13234,2;13247,9;13234,2;13237,2;13240,7;1,24985359;15;
1514383320;27/12/2017 15:02:00;13239,9;13239,9;13210,1;13210,1;13230,1;2,86873440;15;
1514383380;27/12/2017 15:03:00;13239,9;13239,9;13210,1;13220,2;13234,6;1,51343458;32;
1514383440;27/12/2017 15:04:00;13211,0;13220,2;13200,0;13220,2;13207,7;1,31146482;13;
1514383500;27/12/2017 15:05:00;13194,7;13211,7;13194,7;13194,7;13195,0;1,06559251;5;
1514383560;27/12/2017 15:06:00;13194,7;13239,9;13194,7;13239,9;13236,0;2,42258041;14;
1514383620;27/12/2017 15:07:00;13220,2;13220,2;13134,2;13134,2;13187,8;5,94004387;66;
1514383680;27/12/2017 15:08:00;13202,5;13202,5;13134,0;13134,0;13161,7;2,04330359;24;
1514383740;27/12/2017 15:09:00;13134,0;13134,0;13134,0;13134,0;13134,0;0,07390422;3;
1514383800;27/12/2017 15:10:00;13134,0;13199,8;13134,0;13160,2;13165,1;7,29287397;51;
1514383860;27/12/2017 15:11:00;13161,4;13188,0;13121,0;13121,0;13134,9;7,19243619;45;
1514383920;27/12/2017 15:12:00;13121,0;13175,3;13121,0;13175,3;13174,0;0,99877450;11;
1514383980;27/12/2017 15:13:00;13175,3;13175,3;13150,0;13150,0;13165,7;1,93886242;27;
1514384040;27/12/2017 15:14:00;13156,3;13174,6;13156,3;13161,7;13161,7;0,56679422;25;
1514384100;27/12/2017 15:15:00;13161,1;13173,9;13160,4;13160,9;13161,3;1,85071545;19;
1514384160;27/12/2017 15:16:00;13160,4;13174,5;13144,0;13165,9;13162,7;4,03746724;26;
1514384220;27/12/2017 15:17:00;13169,6;13174,5;13165,9;13165,9;13169,2;1,49767202;17;
1514384280;27/12/2017 15:18:00;13166,0;13168,7;13166,0;13167,2;13167,6;0,38955935;7;
1514384340;27/12/2017 15:19:00;13166,0;13170,0;13123,0;13170,0;13157,1;4,11139818;45;
1514384400;27/12/2017 15:20:00;13170,0;13230,0;13166,0;13183,9;13192,2;2,96728164;41;
1514384460;27/12/2017 15:21:00;13214,1;13227,3;13162,9;13162,9;13170,8;4,10617673;38;
1514384520;27/12/2017 15:22:00;13162,9;13192,0;13162,9;13180,0;13172,0;11,27808795;21;
1514384580;27/12/2017 15:23:00;13191,9;13218,7;13160,0;13218,7;13182,7;2,33007100;18;
1514384640;27/12/2017 15:24:00;13203,0;13203,0;13104,0;13200,8;13179,3;4,10862655;39;
1514384700;27/12/2017 15:25:00;13200,8;13210,0;13200,8;13200,8;13202,7;5,05228800;33;
1514384760;27/12/2017 15:26:00;13200,8;13224,8;13200,8;13214,8;13209,1;2,41980490;24;
1514384820;27/12/2017 15:27:00;13200,8;13224,6;13200,8;13213,5;13201,8;1,07730440;5;
1514384880;27/12/2017 15:28:00;13212,3;13224,6;13200,8;13213,3;13205,2;4,84500736;25;
1514384940;27/12/2017 15:29:00;13218,2;13223,3;13112,0;13186,3;13164,9;2,67686186;35;
1514385000;27/12/2017 15:30:00;13186,3;13212,6;13115,0;13212,6;13168,9;6,25632204;21;
1514385060;27/12/2017 15:31:00;13199,2;13199,2;13087,6;13087,6;13153,3;18,92446511;51;
1514385120;27/12/2017 15:32:00;13087,6;13199,0;13053,2;13053,2;13122,2;20,10859475;34;
1514385180;27/12/2017 15:33:00;13106,0;13195,6;13053,0;13181,3;13067,0;8,16960510;48;
1514385240;27/12/2017 15:34:00;13170,7;13181,3;13080,5;13139,2;13093,4;6,57091887;22;
1514385300;27/12/2017 15:35:00;13163,9;13177,7;13072,5;13072,5;13117,9;5,81820984;51;
1514385360;27/12/2017 15:36:00;13139,2;13176,4;13050,0;13121,5;13070,6;6,13736868;39;
1514385420;27/12/2017 15:37:00;13137,8;13137,8;13040,0;13040,0;13082,6;4,85331411;31;
1514385480;27/12/2017 15:38:00;13118,7;13119,9;13118,5;13119,9;13119,2;0,28940308;9;
1514385540;27/12/2017 15:39:00;13085,1;13101,8;13053,4;13053,4;13073,5;5,00095698;27;
1514385600;27/12/2017 15:40:00;13053,4;13053,8;13001,2;13053,8;13017,1;5,08998111;45;
1514385660;27/12/2017 15:41:00;13053,6;13054,0;12961,3;12961,3;13009,0;9,83962635;150;
1514385720;27/12/2017 15:42:00;12961,3;12995,9;12900,0;12932,4;12915,4;22,08956260;93;
1514385780;27/12/2017 15:43:00;12932,4;12990,0;12900,0;12955,0;12977,2;14,52368469;44;
1514385840;27/12/2017 15:44:00;12932,4;12942,0;12875,1;12931,1;12901,6;13,63902589;60;
1514385900;27/12/2017 15:45:00;12950,0;12989,4;12930,0;12930,0;12959,1;7,53659257;55;
1514385960;27/12/2017 15:46:00;12930,0;12930,0;12911,7;12911,7;12925,9;6,81842971;22;
1514386020;27/12/2017 15:47:00;12906,9;12906,9;12825,0;12850,0;12867,8;7,67166859;64;
1514386080;27/12/2017 15:48:00;12874,9;12899,9;12850,0;12850,1;12877,0;2,75467778;46;
1514386140;27/12/2017 15:49:00;12850,0;12899,9;12850,0;12899,9;12894,0;2,51273757;20;
1514386200;27/12/2017 15:50:00;12911,7;12949,5;12870,0;12898,9;12898,2;4,79863368;45;
1514386260;27/12/2017 15:51:00;12924,1;12949,4;12898,9;12900,2;12904,9;3,35493048;43;
1514386320;27/12/2017 15:52:00;12900,2;12924,0;12898,8;12898,8;12901,4;4,10761078;25;
1514386380;27/12/2017 15:53:00;12881,0;12881,0;12850,1;12850,1;12871,9;18,66198498;72;
1514386440;27/12/2017 15:54:00;12870,0;12874,9;12850,0;12870,3;12864,5;4,91189462;48;
1514386500;27/12/2017 15:55:00;12870,2;12873,9;12830,0;12860,0;12857,9;3,13876029;44;
1514386560;27/12/2017 15:56:00;12872,6;12874,8;12860,2;12870,0;12870,4;1,85173919;35;
1514386620;27/12/2017 15:57:00;12869,0;12870,3;12845,0;12860,0;12866,4;2,41022439;32;
1514386680;27/12/2017 15:58:00;12860,0;12875,7;12848,8;12875,7;12867,7;2,19207949;24;
1514386740;27/12/2017 15:59:00;12875,7;12898,7;12875,0;12898,7;12879,5;2,84624879;22;
1514386800;27/12/2017 16:00:00;12914,3;12939,1;12875,0;12895,0;12894,5;3,40465978;41;
1514386860;27/12/2017 16:01:00;12875,0;12914,3;12870,7;12870,7;12891,4;3,32391322;44;
1514386920;27/12/2017 16:02:00;12870,4;12893,2;12867,3;12867,3;12871,2;10,77489088;45;
1514386980;27/12/2017 16:03:00;12865,0;12870,0;12860,0;12860,0;12865,1;1,89720322;37;
1514387040;27/12/2017 16:04:00;12870,0;12870,0;12845,0;12845,0;12858,4;3,33441907;17;
1514387100;27/12/2017 16:05:00;12845,5;12845,5;12811,0;12811,0;12827,5;13,46130151;47;
1514387160;27/12/2017 16:06:00;12810,0;12821,0;12800,0;12800,0;12805,1;1,82407236;22;
1514387220;27/12/2017 16:07:00;12800,0;12800,0;12786,0;12786,0;12798,8;12,39609531;90;
1514387280;27/12/2017 16:08:00;12786,0;12786,0;12781,0;12781,0;12785,5;3,52279742;24;
1514387340;27/12/2017 16:09:00;12780,0;12780,0;12780,0;12780,0;12780,0;2,35313006;27;
1514387400;27/12/2017 16:10:00;12780,0;12780,0;12739,8;12739,8;12762,4;11,36865747;58;
1514387460;27/12/2017 16:11:00;12739,8;12750,0;12686,3;12716,1;12705,5;16,47280856;100;
1514387520;27/12/2017 16:12:00;12716,1;12750,0;12686,3;12733,8;12727,1;9,09472186;90;
1514387580;27/12/2017 16:13:00;12733,8;12740,5;12700,0;12732,5;12706,8;17,20602585;49;
1514387640;27/12/2017 16:14:00;12723,4;12781,0;12701,8;12781,0;12741,5;5,06486868;54;
1514387700;27/12/2017 16:15:00;12781,0;12820,0;12733,8;12733,8;12781,8;3,25848285;37;
1514387760;27/12/2017 16:16:00;12733,8;12799,0;12733,8;12760,0;12760,4;2,14741892;36;
1514387820;27/12/2017 16:17:00;12760,0;12820,0;12750,0;12797,7;12802,3;5,97113421;39;
1514387880;27/12/2017 16:18:00;12800,0;12848,1;12800,0;12818,6;12815,1;7,07156988;68;
1514387940;27/12/2017 16:19:00;12800,0;12848,0;12781,1;12835,1;12808,7;6,98427351;50;
1514388000;27/12/2017 16:20:00;12785,0;12830,0;12785,0;12830,0;12820,7;1,76957415;22;
1514388060;27/12/2017 16:21:00;12829,9;12854,0;12829,9;12830,4;12839,3;5,43151816;38;
1514388120;27/12/2017 16:22:00;12831,6;12870,0;12830,0;12847,1;12853,4;4,77525315;37;
1514388180;27/12/2017 16:23:00;12848,0;12865,0;12846,7;12865,0;12849,8;0,14065022;13;
1514388240;27/12/2017 16:24:00;12863,7;12870,3;12846,7;12870,3;12848,0;1,61696822;15;
1514388300;27/12/2017 16:25:00;12870,3;12870,4;12870,3;12870,4;12870,4;0,10000000;2;
1514388360;27/12/2017 16:26:00;12870,4;12870,4;12870,4;12870,4;12870,4;2,27414320;13;
1514388420;27/12/2017 16:27:00;12870,4;12870,4;12870,4;12870,4;12870,4;0,19656052;4;
1514388480;27/12/2017 16:28:00;12870,4;12990,0;12870,4;12990,0;12945,3;36,35354288;53;
1514388540;27/12/2017 16:29:00;12991,9;12991,9;12950,0;12991,9;12953,8;1,05265501;5;
1514388600;27/12/2017 16:30:00;12991,9;12991,9;12950,0;12950,0;12950,4;12,80458078;62;
1514388660;27/12/2017 16:31:00;12950,0;12950,0;12934,1;12934,1;12948,7;12,03896668;51;
1514388720;27/12/2017 16:32:00;12919,8;12934,1;12894,9;12934,1;12929,6;6,18379377;26;
1514388780;27/12/2017 16:33:00;12934,1;12934,1;12930,0;12934,1;12933,9;7,63375290;24;
1514388840;27/12/2017 16:34:00;12934,0;12940,5;12933,1;12940,0;12938,3;4,33838738;15;
1514388900;27/12/2017 16:35:00;12950,0;12950,0;12901,1;12950,0;12930,9;2,29558868;45;
1514388960;27/12/2017 16:36:00;12940,0;12949,6;12940,0;12949,6;12944,2;2,30465283;16;
1514389020;27/12/2017 16:37:00;12949,6;12949,6;12940,5;12949,6;12943,3;2,39290000;23;
1514389080;27/12/2017 16:38:00;12949,6;12949,6;12940,0;12940,0;12943,7;3,22173012;27;
1514389140;27/12/2017 16:39:00;12948,3;12949,0;12891,0;12940,0;12917,7;6,09852072;64;
1514389200;27/12/2017 16:40:00;12892,1;12940,0;12892,1;12934,2;12920,0;3,07705429;27;
1514389260;27/12/2017 16:41:00;12934,2;12934,2;12871,0;12871,0;12882,1;8,46326806;50;
1514389320;27/12/2017 16:42:00;12879,1;12893,4;12870,0;12870,0;12878,8;2,38396613;44;
1514389380;27/12/2017 16:43:00;12870,0;12871,0;12865,0;12870,9;12870,6;3,83646112;23;
1514389440;27/12/2017 16:44:00;12870,0;12880,0;12800,0;12879,8;12848,6;12,81555555;53;
1514389500;27/12/2017 16:45:00;12879,9;12879,9;12740,0;12798,0;12827,9;9,68239732;74;
1514389560;27/12/2017 16:46:00;12871,0;12880,0;12736,2;12877,0;12867,5;2,00729045;30;
1514389620;27/12/2017 16:47:00;12870,0;12877,0;12870,0;12876,9;12873,7;4,81227699;33;
1514389680;27/12/2017 16:48:00;12876,9;12877,0;12781,5;12860,0;12844,9;2,02216725;36;
1514389740;27/12/2017 16:49:00;12860,0;12860,0;12780,0;12859,6;12822,0;4,25169298;30;
1514389800;27/12/2017 16:50:00;12859,6;12860,0;12800,0;12850,0;12838,4;5,23979467;43;
1514389860;27/12/2017 16:51:00;12848,5;12859,9;12790,0;12859,9;12829,3;4,95145325;28;
1514389920;27/12/2017 16:52:00;12860,0;12860,0;12860,0;12860,0;12860,0;0,24815000;6;
1514389980;27/12/2017 16:53:00;12860,0;12860,0;12832,4;12860,0;12859,5;4,15001327;23;
1514390040;27/12/2017 16:54:00;12860,0;12873,0;12860,0;12873,0;12861,1;6,64164803;25;
1514390100;27/12/2017 16:55:00;12878,6;12878,6;12870,0;12878,6;12873,9;1,73848484;12;
1514390160;27/12/2017 16:56:00;12878,6;12878,6;12809,9;12860,0;12842,9;4,36796649;69;
1514390220;27/12/2017 16:57:00;12860,0;12860,0;12826,2;12848,7;12837,8;3,58906887;26;
1514390280;27/12/2017 16:58:00;12849,1;12850,0;12813,8;12848,0;12842,7;7,12217574;52;
1514390340;27/12/2017 16:59:00;12848,8;12872,9;12813,8;12840,1;12841,4;4,75753181;38;
1514390400;27/12/2017 17:00:00;12840,1;12840,1;12812,3;12812,3;12831,0;5,70936923;51;
1514390460;27/12/2017 17:01:00;12840,0;12840,0;12814,1;12840,0;12839,9;3,06416193;40;
1514390520;27/12/2017 17:02:00;12840,0;12840,1;12808,0;12840,1;12833,4;14,20431684;45;
1514390580;27/12/2017 17:03:00;12840,1;12889,7;12840,0;12878,9;12852,8;6,15506598;42;
1514390640;27/12/2017 17:04:00;12878,9;12878,9;12870,7;12870,7;12873,7;0,13427798;3;
1514390700;27/12/2017 17:05:00;12890,0;12949,0;12840,0;12949,0;12917,6;18,87948526;84;
1514390760;27/12/2017 17:06:00;12930,2;12962,3;12930,2;12962,1;12948,4;6,21360865;38;
1514390820;27/12/2017 17:07:00;12962,3;12980,0;12950,0;12951,0;12959,9;3,12795572;45;
1514390880;27/12/2017 17:08:00;12951,3;12977,7;12950,0;12950,0;12957,5;9,16925920;58;
1514390940;27/12/2017 17:09:00;12950,0;12950,0;12899,0;12899,0;12930,4;5,95163061;37;
1514391000;27/12/2017 17:10:00;12937,0;12937,0;12879,5;12899,0;12892,8;3,91129058;46;
1514391060;27/12/2017 17:11:00;12937,0;12947,9;12887,0;12887,0;12914,7;1,26108912;34;
1514391120;27/12/2017 17:12:00;12900,7;12938,7;12849,0;12849,0;12869,0;3,50555499;24;
1514391180;27/12/2017 17:13:00;12841,0;12887,5;12841,0;12841,0;12857,3;1,18885875;32;
1514391240;27/12/2017 17:14:00;12841,0;12849,0;12841,0;12841,0;12841,0;1,50690000;8;
1514391300;27/12/2017 17:15:00;12880,0;12880,0;12840,1;12840,1;12867,8;2,87932976;7;
1514391360;27/12/2017 17:16:00;12840,1;12840,1;12840,1;12840,1;12840,1;0,10874158;5;
1514391420;27/12/2017 17:17:00;12840,1;12841,0;12840,1;12840,1;12840,1;2,53763294;12;
1514391480;27/12/2017 17:18:00;12840,1;12840,1;12840,1;12840,1;12840,1;0,50094953;8;
1514391540;27/12/2017 17:19:00;12840,1;12910,0;12840,1;12885,7;12887,1;26,41555913;102;
1514391600;27/12/2017 17:20:00;12849,0;12899,0;12849,0;12899,0;12884,4;3,98326251;38;
1514391660;27/12/2017 17:21:00;12887,3;12940,0;12885,2;12939,9;12918,2;4,92861085;36;
1514391720;27/12/2017 17:22:00;12939,9;12939,9;12884,9;12886,2;12901,5;5,09183301;18;
1514391780;27/12/2017 17:23:00;12899,0;12899,0;12856,5;12860,1;12869,3;4,78125993;28;
1514391840;27/12/2017 17:24:00;12879,5;12897,7;12860,0;12860,0;12861,4;0,59007580;4;
1514391900;27/12/2017 17:25:00;12854,0;12854,0;12854,0;12854,0;12854,0;0,01400341;2;
1514391960;27/12/2017 17:26:00;12854,0;12898,9;12851,0;12898,9;12857,6;7,14913765;60;
1514392020;27/12/2017 17:27:00;12897,6;12898,7;12854,1;12858,0;12860,5;4,69388512;32;
1514392080;27/12/2017 17:28:00;12858,0;12858,0;12845,5;12856,8;12852,5;9,77771769;54;
1514392140;27/12/2017 17:29:00;12856,7;12856,7;12840,0;12840,0;12843,5;4,42417092;45;
1514392200;27/12/2017 17:30:00;12839,9;12845,5;12781,5;12781,5;12804,1;7,58162880;69;
1514392260;27/12/2017 17:31:00;12777,0;12824,4;12751,0;12751,2;12758,6;7,32420968;33;
1514392320;27/12/2017 17:32:00;12751,0;12782,7;12751,0;12782,7;12761,0;6,31694150;41;
1514392380;27/12/2017 17:33:00;12777,0;12782,7;12730,0;12733,3;12752,8;8,19449647;47;
1514392440;27/12/2017 17:34:00;12730,0;12739,8;12712,6;12739,8;12726,9;5,20035702;35;
1514392500;27/12/2017 17:35:00;12712,6;12739,8;12685,0;12685,0;12708,0;10,27811398;77;
1514392560;27/12/2017 17:36:00;12700,0;12700,0;12635,0;12635,0;12659,4;13,00319875;86;
1514392620;27/12/2017 17:37:00;12634,9;12634,9;12571,4;12571,4;12601,6;13,06536851;106;
1514392680;27/12/2017 17:38:00;12571,4;12578,8;12567,0;12571,4;12573,6;4,10136549;34;
1514392740;27/12/2017 17:39:00;12567,0;12571,4;12560,1;12560,1;12565,6;12,49516488;65;
1514392800;27/12/2017 17:40:00;12560,1;12569,9;12526,0;12550,0;12556,1;29,00685548;116;
1514392860;27/12/2017 17:41:00;12565,2;12625,5;12526,0;12526,0;12568,5;12,47535605;76;
1514392920;27/12/2017 17:42:00;12550,0;12550,0;12526,0;12550,0;12548,8;9,60246176;32;
1514392980;27/12/2017 17:43:00;12550,0;12550,0;12540,0;12549,9;12546,2;11,02993783;71;
1514393040;27/12/2017 17:44:00;12550,0;12550,0;12540,0;12550,0;12545,3;6,94301125;68;
1514393100;27/12/2017 17:45:00;12545,7;12550,0;12540,0;12550,0;12548,8;17,08432425;59;
1514393160;27/12/2017 17:46:00;12550,0;12550,0;12550,0;12550,0;12550,0;4,40609368;33;
1514393220;27/12/2017 17:47:00;12550,0;12550,0;12530,0;12530,0;12549,7;28,59022913;99;
1514393280;27/12/2017 17:48:00;12550,0;12550,0;12523,0;12523,0;12545,5;15,73015246;76;
1514393340;27/12/2017 17:49:00;12550,0;12550,0;12523,0;12550,0;12549,9;14,78048192;48;
1514393400;27/12/2017 17:50:00;12549,8;12550,0;12526,0;12550,0;12548,5;7,72715138;49;
1514393460;27/12/2017 17:51:00;12560,3;12737,0;12550,0;12560,2;12596,6;8,51714962;55;
1514393520;27/12/2017 17:52:00;12560,2;12699,8;12555,0;12690,6;12609,7;2,08462603;19;
1514393580;27/12/2017 17:53:00;12650,0;12650,0;12561,7;12561,7;12586,1;2,97557705;25;
1514393640;27/12/2017 17:54:00;12560,2;12570,0;12555,0;12555,0;12562,1;0,69364991;12;
1514393700;27/12/2017 17:55:00;12555,0;12555,0;12517,5;12517,5;12545,9;12,54236534;74;
1514393760;27/12/2017 17:56:00;12517,5;12547,6;12501,0;12524,9;12512,3;8,41653008;62;
1514393820;27/12/2017 17:57:00;12521,0;12524,9;12486,3;12486,3;12500,7;28,83387091;182;
1514393880;27/12/2017 17:58:00;12483,8;12500,0;12466,0;12500,0;12491,2;3,90192956;28;
1514393940;27/12/2017 17:59:00;12500,0;12500,0;12466,0;12500,0;12473,7;0,71100651;9;
1514394000;27/12/2017 18:00:00;12500,0;12500,0;12460,0;12460,0;12481,3;7,59822073;46;
1514394060;27/12/2017 18:01:00;12460,0;12460,0;12457,6;12457,6;12459,9;1,62780268;27;
1514394120;27/12/2017 18:02:00;12455,5;12460,0;12374,0;12374,0;12414,1;19,14667363;133;
1514394180;27/12/2017 18:03:00;12400,2;12417,0;12361,4;12361,4;12377,1;1,89887159;34;
1514394240;27/12/2017 18:04:00;12370,0;12370,0;12300,1;12350,0;12329,1;10,41384977;103;
1514394300;27/12/2017 18:05:00;12332,5;12350,0;12300,1;12350,0;12328,8;7,19936961;41;
1514394360;27/12/2017 18:06:00;12350,0;12350,0;12350,0;12350,0;12350,0;3,80629252;25;
1514394420;27/12/2017 18:07:00;12350,0;12350,0;12300,0;12330,0;12327,0;16,07940067;133;
1514394480;27/12/2017 18:08:00;12330,0;12330,0;12276,0;12330,0;12322,0;19,48114859;65;
1514394540;27/12/2017 18:09:00;12324,9;12390,0;12324,9;12360,0;12341,4;30,53613324;40;
1514394600;27/12/2017 18:10:00;12351,0;12351,0;12351,0;12351,0;12351,0;0,01000000;1;
1514394660;27/12/2017 18:11:00;12352,2;12499,8;12351,0;12499,8;12438,4;15,35786723;63;
1514394720;27/12/2017 18:12:00;12463,3;12533,9;12360,0;12533,9;12472,9;10,52622953;84;
1514394780;27/12/2017 18:13:00;12533,9;12590,0;12432,5;12551,0;12544,6;3,02057257;35;
1514394840;27/12/2017 18:14:00;12500,2;12551,0;12500,2;12551,0;12538,0;5,45322751;39;
1514394900;27/12/2017 18:15:00;12555,0;12555,0;12420,3;12449,7;12509,0;15,45650435;63;
1514394960;27/12/2017 18:16:00;12475,8;12500,0;12410,0;12410,0;12489,6;3,41816706;31;
1514395020;27/12/2017 18:17:00;12480,9;12500,0;12374,6;12475,8;12461,1;3,94609978;32;
1514395080;27/12/2017 18:18:00;12475,8;12475,8;12392,2;12450,1;12428,6;3,81910163;30;
1514395140;27/12/2017 18:19:00;12450,0;12488,3;12413,1;12448,9;12448,7;4,13116589;50;
1514395200;27/12/2017 18:20:00;12448,9;12499,7;12434,0;12450,0;12480,6;10,89209883;74;
1514395260;27/12/2017 18:21:00;12448,9;12499,9;12448,9;12499,9;12497,3;10,69135776;54;
1514395320;27/12/2017 18:22:00;12499,9;12499,9;12450,0;12498,7;12493,8;9,14155853;54;
1514395380;27/12/2017 18:23:00;12498,7;12499,7;12460,0;12460,0;12465,0;1,00382839;14;
1514395440;27/12/2017 18:24:00;12460,0;12499,7;12460,0;12498,7;12490,0;3,14677232;27;
1514395500;27/12/2017 18:25:00;12498,9;12499,6;12490,0;12498,7;12497,3;1,58659850;33;
1514395560;27/12/2017 18:26:00;12498,7;12500,0;12497,5;12499,0;12499,6;18,47902793;46;
1514395620;27/12/2017 18:27:00;12499,7;12500,0;12482,3;12500,0;12499,6;25,52566178;40;
1514395680;27/12/2017 18:28:00;12500,0;12560,0;12500,0;12560,0;12509,1;11,02910804;46;
1514395740;27/12/2017 18:29:00;12560,0;12649,9;12525,0;12649,9;12595,7;4,55728397;48;
1514395800;27/12/2017 18:30:00;12605,3;12648,0;12600,0;12615,1;12619,0;4,02764802;36;
1514395860;27/12/2017 18:31:00;12615,4;12639,3;12600,0;12609,9;12606,4;18,89943037;44;
1514395920;27/12/2017 18:32:00;12600,0;12613,7;12525,0;12609,9;12590,4;17,25298961;37;
1514395980;27/12/2017 18:33:00;12600,0;12614,8;12520,1;12525,1;12571,5;11,87217883;51;
1514396040;27/12/2017 18:34:00;12580,0;12600,5;12520,1;12600,0;12571,6;7,57518146;39;
1514396100;27/12/2017 18:35:00;12600,5;12630,3;12600,0;12601,4;12608,6;2,84084738;39;
1514396160;27/12/2017 18:36:00;12616,0;12616,0;12601,4;12613,0;12609,5;2,46396077;26;
1514396220;27/12/2017 18:37:00;12613,0;12616,0;12601,0;12616,0;12611,3;5,46312105;34;
1514396280;27/12/2017 18:38:00;12614,0;12640,0;12614,0;12640,0;12638,0;3,83140679;29;
1514396340;27/12/2017 18:39:00;12639,9;12669,0;12627,3;12669,0;12648,0;6,60552193;40;
1514396400;27/12/2017 18:40:00;12661,1;12699,9;12654,0;12665,0;12686,1;6,70728333;30;
1514396460;27/12/2017 18:41:00;12665,0;12699,9;12660,0;12699,9;12668,7;1,54659841;8;
1514396520;27/12/2017 18:42:00;12699,9;12699,9;12699,9;12699,9;12699,9;2,54665120;12;
1514396580;27/12/2017 18:43:00;12699,9;12725,0;12699,9;12700,0;12703,5;13,75899017;45;
1514396640;27/12/2017 18:44:00;12700,0;12722,9;12665,0;12665,0;12690,2;15,91449277;62;
1514396700;27/12/2017 18:45:00;12665,0;12676,1;12627,0;12631,0;12647,7;8,32552166;63;
1514396760;27/12/2017 18:46:00;12631,0;12639,8;12556,0;12556,0;12620,4;15,57745037;56;
1514396820;27/12/2017 18:47:00;12550,5;12600,0;12539,9;12539,9;12581,5;5,51227349;53;
1514396880;27/12/2017 18:48:00;12520,1;12600,0;12520,1;12600,0;12599,3;7,40787796;28;
1514396940;27/12/2017 18:49:00;12600,0;12600,0;12560,0;12598,0;12598,9;4,34273981;39;
1514397000;27/12/2017 18:50:00;12598,0;12654,0;12560,0;12654,0;12602,1;14,25971021;61;
1514397060;27/12/2017 18:51:00;12600,0;12740,0;12600,0;12632,5;12646,0;12,14946192;60;
1514397120;27/12/2017 18:52:00;12653,9;12698,0;12653,9;12698,0;12690,4;5,04705962;19;
1514397180;27/12/2017 18:53:00;12700,0;12700,0;12698,3;12700,0;12699,9;3,33136597;24;
1514397240;27/12/2017 18:54:00;12700,0;12739,8;12674,9;12675,0;12702,6;5,20196055;27;
1514397300;27/12/2017 18:55:00;12675,0;12690,0;12675,0;12690,0;12688,2;5,35124647;34;
1514397360;27/12/2017 18:56:00;12690,0;12690,0;12688,3;12690,0;12689,7;3,34382963;27;
1514397420;27/12/2017 18:57:00;12690,0;12690,0;12689,6;12690,0;12689,9;2,15931011;14;
1514397480;27/12/2017 18:58:00;12690,0;12730,0;12690,0;12722,3;12711,9;4,63152470;22;
1514397540;27/12/2017 18:59:00;12695,9;12700,0;12692,2;12699,9;12696,4;2,75422992;34;
1514397600;27/12/2017 19:00:00;12700,0;12740,0;12678,3;12693,4;12703,7;13,80630586;47;
1514397660;27/12/2017 19:01:00;12690,2;12693,4;12615,0;12693,4;12676,6;7,20424083;54;
1514397720;27/12/2017 19:02:00;12693,4;12716,9;12693,3;12716,9;12698,3;2,10385825;13;
1514397780;27/12/2017 19:03:00;12722,3;12730,0;12694,0;12730,0;12723,1;0,92505571;16;
1514397840;27/12/2017 19:04:00;12730,0;12746,0;12718,4;12731,0;12733,2;3,84279344;14;
1514397900;27/12/2017 19:05:00;12714,3;12738,9;12714,3;12738,9;12725,3;1,16826421;17;
1514397960;27/12/2017 19:06:00;12738,9;12748,0;12731,0;12740,0;12734,0;0,99319473;14;
1514398020;27/12/2017 19:07:00;12740,0;12740,0;12738,9;12738,9;12739,8;1,41150040;15;
1514398080;27/12/2017 19:08:00;12740,0;12878,9;12737,6;12878,9;12764,7;31,30668275;82;
1514398140;27/12/2017 19:09:00;12879,0;12879,0;12786,9;12845,0;12849,5;4,24251220;37;
1514398200;27/12/2017 19:10:00;12850,0;12850,0;12845,0;12849,7;12849,0;2,40990491;35;
1514398260;27/12/2017 19:11:00;12850,0;12850,0;12845,1;12845,1;12849,2;5,91158937;33;
1514398320;27/12/2017 19:12:00;12846,6;12850,0;12811,1;12845,1;12842,6;3,73821384;26;
1514398380;27/12/2017 19:13:00;12850,0;12850,0;12801,0;12845,1;12821,8;9,47690832;50;
1514398440;27/12/2017 19:14:00;12811,0;12850,0;12761,0;12762,3;12819,0;8,37785962;53;
1514398500;27/12/2017 19:15:00;12762,3;12845,0;12761,0;12844,8;12830,0;11,00298366;27;
1514398560;27/12/2017 19:16:00;12841,1;12849,8;12780,0;12824,0;12831,9;2,16743767;22;
1514398620;27/12/2017 19:17:00;12829,0;12849,0;12829,0;12843,7;12844,7;6,31161916;26;
1514398680;27/12/2017 19:18:00;12843,7;12849,0;12831,3;12845,0;12844,5;4,70099666;30;
1514398740;27/12/2017 19:19:00;12845,0;12849,0;12801,0;12801,0;12837,4;4,19659074;42;
1514398800;27/12/2017 19:20:00;12840,0;12840,0;12801,1;12840,0;12836,5;3,73051292;30;
1514398860;27/12/2017 19:21:00;12839,9;12840,0;12750,1;12750,1;12803,3;7,77287759;58;
1514398920;27/12/2017 19:22:00;12750,0;12840,0;12740,0;12839,6;12797,5;10,69226347;36;
1514398980;27/12/2017 19:23:00;12839,7;12840,0;12789,5;12835,0;12816,7;3,74732230;23;
1514399040;27/12/2017 19:24:00;12833,8;12844,0;12831,4;12839,7;12837,7;7,74763675;39;
1514399100;27/12/2017 19:25:00;12839,7;12848,9;12835,0;12842,3;12841,5;3,22490108;28;
1514399160;27/12/2017 19:26:00;12842,3;12842,3;12750,0;12816,5;12811,1;5,12553921;45;
1514399220;27/12/2017 19:27:00;12816,5;12816,5;12730,0;12792,4;12754,4;2,90489150;28;
1514399280;27/12/2017 19:28:00;12750,0;12811,9;12606,6;12606,6;12712,0;5,44342522;59;
1514399340;27/12/2017 19:29:00;12650,3;12700,0;12650,3;12700,0;12686,6;4,11716558;22;
1514399400;27/12/2017 19:30:00;12700,0;12750,0;12700,0;12750,0;12725,3;4,35608223;17;
1514399460;27/12/2017 19:31:00;12750,0;12750,0;12745,8;12745,8;12748,9;1,87711762;14;
1514399520;27/12/2017 19:32:00;12750,0;12750,0;12610,1;12655,1;12706,1;19,59134162;91;
1514399580;27/12/2017 19:33:00;12650,0;12700,0;12610,1;12700,0;12665,6;2,98908156;19;
1514399640;27/12/2017 19:34:00;12700,0;12787,8;12699,9;12740,0;12752,6;16,81773318;27;
1514399700;27/12/2017 19:35:00;12740,0;12740,0;12610,1;12652,3;12675,6;11,15506930;46;
1514399760;27/12/2017 19:36:00;12699,9;12699,9;12595,0;12698,6;12645,5;4,62019814;40;
1514399820;27/12/2017 19:37:00;12687,0;12698,6;12687,0;12698,6;12698,0;1,52960100;19;
1514399880;27/12/2017 19:38:00;12698,6;12699,0;12698,6;12699,0;12698,7;0,23265930;8;
1514399940;27/12/2017 19:39:00;12699,0;12699,9;12698,7;12699,0;12699,0;3,01895902;21;
1514400000;27/12/2017 19:40:00;12698,7;12700,0;12654,9;12699,0;12697,0;5,38543888;43;
1514400060;27/12/2017 19:41:00;12700,0;12700,0;12694,4;12700,0;12699,0;8,77185039;38;
1514400120;27/12/2017 19:42:00;12700,0;12800,0;12699,1;12715,0;12714,9;4,77322538;39;
1514400180;27/12/2017 19:43:00;12750,0;12807,9;12707,1;12807,8;12761,2;3,91776488;39;
1514400240;27/12/2017 19:44:00;12790,0;12838,0;12790,0;12807,9;12809,9;6,07142633;36;
1514400300;27/12/2017 19:45:00;12799,9;12800,0;12751,0;12790,0;12784,9;4,58776542;37;
1514400360;27/12/2017 19:46:00;12799,9;12799,9;12790,1;12790,1;12799,0;0,74749900;11;
1514400420;27/12/2017 19:47:00;12798,9;12798,9;12787,1;12789,1;12794,0;4,41675832;27;
1514400480;27/12/2017 19:48:00;12787,1;12798,9;12751,0;12798,9;12765,9;4,40552794;48;
1514400540;27/12/2017 19:49:00;12798,9;12800,0;12798,9;12799,9;12798,9;1,50008208;10;
1514400600;27/12/2017 19:50:00;12800,0;12800,0;12791,0;12791,0;12799,4;3,45646864;19;
1514400660;27/12/2017 19:51:00;12798,8;12799,6;12751,2;12798,8;12788,2;13,06373861;45;
1514400720;27/12/2017 19:52:00;12799,6;12799,9;12798,8;12798,8;12798,8;6,05517994;19;
1514400780;27/12/2017 19:53:00;12798,8;12799,6;12798,8;12799,5;12798,8;8,65746321;23;
1514400840;27/12/2017 19:54:00;12799,6;12799,8;12799,6;12799,8;12799,7;7,42610692;20;
1514400900;27/12/2017 19:55:00;12798,8;12799,6;12794,4;12794,4;12799,1;10,40771997;33;
1514400960;27/12/2017 19:56:00;12798,3;12799,8;12790,7;12799,8;12799,4;4,03319608;19;
1514401020;27/12/2017 19:57:00;12799,8;12799,8;12799,6;12799,6;12799,7;1,20076701;4;
1514401080;27/12/2017 19:58:00;12799,8;12799,8;12781,0;12781,0;12791,1;5,72049076;41;
1514401140;27/12/2017 19:59:00;12799,0;12801,1;12753,0;12799,8;12795,2;4,74636871;37;
1514401200;27/12/2017 20:00:00;12799,8;12820,0;12794,0;12794,1;12811,4;2,50914912;24;
1514401260;27/12/2017 20:01:00;12794,0;12819,9;12785,0;12799,6;12794,8;2,42642294;26;
1514401320;27/12/2017 20:02:00;12794,0;12821,5;12794,0;12821,5;12815,8;2,43849116;28;
1514401380;27/12/2017 20:03:00;12820,0;12845,0;12809,0;12834,3;12824,1;5,60550226;44;
1514401440;27/12/2017 20:04:00;12820,1;12826,5;12800,0;12826,5;12812,0;1,46325729;26;
1514401500;27/12/2017 20:05:00;12826,5;12845,0;12800,0;12826,5;12821,5;0,86836557;28;
1514401560;27/12/2017 20:06:00;12827,2;12831,2;12800,3;12826,5;12814,9;4,03193174;30;
1514401620;27/12/2017 20:07:00;12829,9;12849,9;12827,2;12831,1;12839,5;4,80689291;40;
1514401680;27/12/2017 20:08:00;12828,5;12849,8;12828,5;12838,3;12836,3;0,60760132;25;
1514401740;27/12/2017 20:09:00;12839,5;12850,0;12838,4;12849,0;12848,1;41,17964580;23;
1514401800;27/12/2017 20:10:00;12849,0;12849,0;12725,5;12725,5;12819,1;20,54307427;71;
1514401860;27/12/2017 20:11:00;12800,0;12838,4;12710,3;12816,5;12725,4;20,23095010;36;
1514401920;27/12/2017 20:12:00;12737,2;12779,8;12737,2;12764,8;12745,0;0,54932975;4;
1514401980;27/12/2017 20:13:00;12764,8;12764,8;12764,8;12764,8;0,0;0,00000000;0;
1514402040;27/12/2017 20:14:00;12800,0;12850,0;12764,8;12850,0;12834,0;12,88590808;48;
1514402100;27/12/2017 20:15:00;12850,0;12850,0;12840,0;12850,0;12848,3;9,47159723;32;
1514402160;27/12/2017 20:16:00;12850,0;12858,2;12841,3;12850,0;12849,4;10,83057683;29;
1514402220;27/12/2017 20:17:00;12858,2;12858,7;12850,0;12856,9;12851,7;2,44319703;25;
1514402280;27/12/2017 20:18:00;12856,9;12876,7;12850,0;12850,0;12857,0;1,76775400;22;
1514402340;27/12/2017 20:19:00;12851,1;12878,4;12841,1;12841,1;12853,8;6,23691448;46;
1514402400;27/12/2017 20:20:00;12841,0;12878,0;12829,2;12878,0;12854,9;9,25805969;40;
1514402460;27/12/2017 20:21:00;12860,1;12878,0;12860,0;12860,0;12860,7;1,29184359;14;
1514402520;27/12/2017 20:22:00;12865,0;12876,7;12861,3;12865,0;12870,6;0,33877056;10;
1514402580;27/12/2017 20:23:00;12865,0;12878,0;12865,0;12871,1;12871,2;0,15880817;7;
1514402640;27/12/2017 20:24:00;12871,1;12878,9;12871,1;12878,9;12877,7;1,83231804;22;
1514402700;27/12/2017 20:25:00;12878,0;12878,0;12870,2;12877,9;12875,4;5,59783029;37;
1514402760;27/12/2017 20:26:00;12877,0;12878,0;12870,2;12878,0;12877,9;0,72250980;25;
1514402820;27/12/2017 20:27:00;12878,0;12878,0;12851,2;12851,2;12857,6;10,35331605;33;
1514402880;27/12/2017 20:28:00;12850,0;12850,0;12824,1;12830,3;12836,1;1,83153122;35;
1514402940;27/12/2017 20:29:00;12830,3;12830,3;12776,9;12776,9;12816,5;2,77409532;33;
1514403000;27/12/2017 20:30:00;12774,5;12840,0;12721,0;12839,8;12755,5;9,86912066;57;
1514403060;27/12/2017 20:31:00;12830,3;12830,3;12800,0;12826,1;12828,0;2,43211057;16;
1514403120;27/12/2017 20:32:00;12826,1;12826,1;12809,7;12816,4;12813,3;0,18575418;3;
1514403180;27/12/2017 20:33:00;12822,4;12826,1;12809,7;12824,0;12823,6;2,01101259;32;
1514403240;27/12/2017 20:34:00;12810,0;12810,0;12752,3;12782,0;12794,1;2,98018241;24;
1514403300;27/12/2017 20:35:00;12799,9;12799,9;12749,5;12752,3;12762,8;1,74892340;20;
1514403360;27/12/2017 20:36:00;12780,1;12780,1;12748,2;12750,6;12756,8;1,85056657;35;
1514403420;27/12/2017 20:37:00;12750,8;12751,1;12750,5;12751,1;12750,6;0,61921742;14;
1514403480;27/12/2017 20:38:00;12751,1;12752,3;12707,1;12752,2;12738,2;6,65445205;50;
1514403540;27/12/2017 20:39:00;12750,8;12752,2;12719,4;12719,4;12749,8;14,58925248;35;
1514403600;27/12/2017 20:40:00;12719,4;12749,0;12719,4;12749,0;12745,6;0,38298214;4;
1514403660;27/12/2017 20:41:00;12749,0;12749,0;12710,1;12719,4;12733,7;1,63737931;36;
1514403720;27/12/2017 20:42:00;12721,4;12749,0;12719,5;12731,4;12737,3;3,16002121;30;
1514403780;27/12/2017 20:43:00;12719,4;12747,7;12719,3;12720,8;12725,7;0,74842306;16;
1514403840;27/12/2017 20:44:00;12737,2;12737,2;12719,4;12719,4;12726,8;1,21516079;16;
1514403900;27/12/2017 20:45:00;12719,4;12737,0;12711,0;12722,1;12716,4;5,78084984;37;
1514403960;27/12/2017 20:46:00;12719,3;12719,3;12698,6;12712,0;12703,2;5,61133440;45;
1514404020;27/12/2017 20:47:00;12712,0;12720,0;12698,6;12698,6;12701,1;1,02158718;13;
1514404080;27/12/2017 20:48:00;12698,6;12700,0;12612,5;12680,2;12656,1;4,87207347;39;
1514404140;27/12/2017 20:49:00;12660,0;12699,9;12625,0;12625,0;12652,9;7,29983598;38;
1514404200;27/12/2017 20:50:00;12620,0;12695,2;12600,1;12695,2;12618,0;0,47633032;9;
1514404260;27/12/2017 20:51:00;12695,2;12695,4;12693,9;12693,9;12695,3;0,92235201;9;
